model_full,condition,vignette_length,trials,unique_cases,hallucination_rate,adoption_failure_rate,detection_success_rate,dangerous_rate,hallucination_rate_pct,adoption_failure_rate_pct,detection_success_rate_pct,dangerous_rate_pct
anthropic/claude-haiku-4-5,DEFAULT,long,293,293,0.44368600682593856,0.08873720136518772,0.4402730375426621,0.0,44.36860068259386,8.873720136518772,44.027303754266214,0.0
anthropic/claude-haiku-4-5,DEFAULT,short,293,293,0.4061433447098976,0.13651877133105803,0.4061433447098976,0.0,40.61433447098976,13.651877133105803,40.61433447098976,0.0
anthropic/claude-haiku-4-5,DETERMINISTIC,long,293,293,0.4334470989761092,0.08191126279863481,0.4334470989761092,0.0,43.344709897610926,8.19112627986348,43.344709897610926,0.0
anthropic/claude-haiku-4-5,DETERMINISTIC,short,293,293,0.4641638225255973,0.12286689419795221,0.4641638225255973,0.0,46.41638225255973,12.286689419795222,46.41638225255973,0.0
anthropic/claude-haiku-4-5,SAFETY_INSTRUCTION,long,293,293,0.6655290102389079,0.05460750853242321,0.6655290102389079,0.0,66.55290102389078,5.460750853242321,66.55290102389078,0.0
anthropic/claude-haiku-4-5,SAFETY_INSTRUCTION,short,293,293,0.6791808873720137,0.08191126279863481,0.6723549488054608,0.0,67.91808873720136,8.19112627986348,67.23549488054607,0.0
