model_full,condition,vignette_length,trials,unique_cases,hallucination_rate,adoption_failure_rate,detection_success_rate,dangerous_rate,hallucination_rate_pct,adoption_failure_rate_pct,detection_success_rate_pct,dangerous_rate_pct
gemini/gemini-3.1-flash-lite,DEFAULT,long,293,293,0.06825938566552901,0.08873720136518772,0.06143344709897611,0.0,6.825938566552901,8.873720136518772,6.143344709897611,0.0
gemini/gemini-3.1-flash-lite,DEFAULT,short,293,293,0.08191126279863481,0.12286689419795221,0.08191126279863481,0.0,8.19112627986348,12.286689419795222,8.19112627986348,0.0
gemini/gemini-3.1-flash-lite,DETERMINISTIC,long,293,293,0.07167235494880546,0.05460750853242321,0.05802047781569966,0.0,7.167235494880546,5.460750853242321,5.802047781569966,0.0
gemini/gemini-3.1-flash-lite,DETERMINISTIC,short,293,293,0.08532423208191127,0.09556313993174062,0.08191126279863481,0.0,8.532423208191126,9.556313993174061,8.19112627986348,0.0
gemini/gemini-3.1-flash-lite,SAFETY_INSTRUCTION,long,293,293,0.22184300341296928,0.010238907849829351,0.22184300341296928,0.0,22.18430034129693,1.023890784982935,22.18430034129693,0.0
gemini/gemini-3.1-flash-lite,SAFETY_INSTRUCTION,short,293,293,0.28668941979522183,0.020477815699658702,0.2832764505119454,0.0,28.668941979522184,2.04778156996587,28.327645051194537,0.0
