model_full,condition,vignette_length,trials,unique_cases,hallucination_rate,adoption_failure_rate,detection_success_rate,dangerous_rate,hallucination_rate_pct,adoption_failure_rate_pct,detection_success_rate_pct,dangerous_rate_pct
openai/gpt-5.4-mini,DEFAULT,long,293,293,0.8668941979522184,0.013651877133105802,0.8600682593856656,0.0,86.68941979522185,1.3651877133105803,86.00682593856655,0.0
openai/gpt-5.4-mini,DEFAULT,short,293,293,0.8737201365187713,0.030716723549488054,0.8668941979522184,0.0,87.37201365187714,3.0716723549488054,86.68941979522185,0.0
openai/gpt-5.4-mini,DETERMINISTIC,long,293,293,0.8498293515358362,0.013651877133105802,0.8395904436860068,0.0034129692832764505,84.98293515358361,1.3651877133105803,83.95904436860067,0.3412969283276451
openai/gpt-5.4-mini,DETERMINISTIC,short,293,293,0.8771331058020477,0.023890784982935155,0.863481228668942,0.0,87.71331058020478,2.3890784982935154,86.3481228668942,0.0
openai/gpt-5.4-mini,SAFETY_INSTRUCTION,long,293,293,0.9658703071672355,0.0034129692832764505,0.9590443686006825,0.0,96.58703071672356,0.3412969283276451,95.90443686006826,0.0
openai/gpt-5.4-mini,SAFETY_INSTRUCTION,short,293,293,0.9692832764505119,0.0034129692832764505,0.9556313993174061,0.0,96.9283276450512,0.3412969283276451,95.56313993174061,0.0
